documentId,riding,blobName
db1ead34-5c0c-4382-ad92-2dbed81c506b,Moncton,default_user/moncton/1745856152_db1ead34-5c0c-4382-ad92-2dbed81c506b_Sequence Number Sheet - Election Day.pdf
4d6df149-405c-4c2c-86a4-4b64731b5f94,Fredericton,default_user/fredericton/1745856314_4d6df149-405c-4c2c-86a4-4b64731b5f94_Binder-meenans.pdf
f231e0c0-bd01-4dd0-945f-a87fd715632f,Fredericton,default_user/fredericton/1745856364_f231e0c0-bd01-4dd0-945f-a87fd715632f_Binder-qplex.pdf
605e5736-1a53-418f-ac57-653fb2bfba78,Fredericton,"default_user/fredericton/1745856378_605e5736-1a53-418f-ac57-653fb2bfba78_Doc Apr 28, 2025, 10_28.pdf"
fc73272a-adcf-4bbf-a1d8-4b27d6736c56,Fredericton,"default_user/fredericton/1745856398_fc73272a-adcf-4bbf-a1d8-4b27d6736c56_Doc Apr 28, 2025, 10_54.pdf"
5f4f5a34-98bc-4912-a97d-727fb18c4931,Fredericton,"default_user/fredericton/1745856414_5f4f5a34-98bc-4912-a97d-727fb18c4931_Doc Apr 28, 2025, 11_16.pdf"
ed0d2614-3ebc-47e3-9260-1ecbb7b0c427,Fredericton,"default_user/fredericton/1745856418_ed0d2614-3ebc-47e3-9260-1ecbb7b0c427_Doc Apr 28, 2025, 11_30.pdf"
da9f0d89-33dc-4aac-9cf7-a78d53460d01,Fredericton,"default_user/fredericton/1745856427_da9f0d89-33dc-4aac-9cf7-a78d53460d01_Doc Apr 28, 2025, 11_42.pdf"
501f593a-6960-44c2-a1b4-cf1afcb3cdc0,Fredericton,"default_user/fredericton/1745856447_501f593a-6960-44c2-a1b4-cf1afcb3cdc0_Doc Apr 28, 2025, 11_51.pdf"
e3beda74-da24-4902-95c4-93725a5fabb6,Fredericton,"default_user/fredericton/1745856458_e3beda74-da24-4902-95c4-93725a5fabb6_Doc Apr 28, 2025, 11_54.pdf"
34f1f716-a11a-4e90-859b-08a19d91e324,Fredericton,default_user/fredericton/1745856466_34f1f716-a11a-4e90-859b-08a19d91e324_Exhibition AM.pdf
8ca299d5-c264-40a2-a09e-ce788f21f769,Fredericton,default_user/fredericton/1745856518_8ca299d5-c264-40a2-a09e-ce788f21f769_Harbour Christian.pdf
8ea52b40-8d10-4d8d-8858-aed106df05ac,Fredericton,default_user/fredericton/1745856524_8ea52b40-8d10-4d8d-8858-aed106df05ac_Hope AM.pdf
886d8d64-946e-40b2-8cd6-9e702f7c0654,Fredericton,default_user/fredericton/1745856528_886d8d64-946e-40b2-8cd6-9e702f7c0654_Loch Lomond Villa.pdf
2166844e-de61-4ad2-89eb-23e3d60e486e,Fredericton,default_user/fredericton/1745856700_2166844e-de61-4ad2-89eb-23e3d60e486e_Stella Maris Church.pdf
75ad8275-b83c-45ce-94e6-510d869dd2aa,Saint John,default_user/saint-john/1745856940_75ad8275-b83c-45ce-94e6-510d869dd2aa_Binder-meenans.pdf
0fb82ead-bbbb-4120-8ecc-b4969c4212f7,Saint John,default_user/saint-john/1745857097_0fb82ead-bbbb-4120-8ecc-b4969c4212f7_Binder-qplex.pdf
cfb1404a-9fd0-42c5-89de-48ab6283d632,Saint John,"default_user/saint-john/1745857153_cfb1404a-9fd0-42c5-89de-48ab6283d632_Doc Apr 28, 2025, 10_28.pdf"
cfcd410e-9b45-431c-bf71-b9c93139ac44,Saint John,"default_user/saint-john/1745857159_cfcd410e-9b45-431c-bf71-b9c93139ac44_Doc Apr 28, 2025, 10_54.pdf"
02c783f8-97ce-4d65-95ea-04d9a2ff4e1d,Saint John,"default_user/saint-john/1745857171_02c783f8-97ce-4d65-95ea-04d9a2ff4e1d_Doc Apr 28, 2025, 11_16.pdf"
7aefce22-a7b1-4665-8aac-9d6c328f71f0,Saint John,"default_user/saint-john/1745857175_7aefce22-a7b1-4665-8aac-9d6c328f71f0_Doc Apr 28, 2025, 11_30.pdf"
5a189a13-12ff-48f5-bc7e-0aa04281c5c9,Saint John,"default_user/saint-john/1745857180_5a189a13-12ff-48f5-bc7e-0aa04281c5c9_Doc Apr 28, 2025, 11_42.pdf"
f3f466fc-d15c-4e8d-8f68-72a23f31cf83,Saint John,"default_user/saint-john/1745857188_f3f466fc-d15c-4e8d-8f68-72a23f31cf83_Doc Apr 28, 2025, 11_51.pdf"
b228632c-ca70-4a72-83f4-2e5534eac545,Saint John,"default_user/saint-john/1745857197_b228632c-ca70-4a72-83f4-2e5534eac545_Doc Apr 28, 2025, 11_54.pdf"
fe641dc1-d4fb-4a49-8312-b8e9f421c4c4,Saint John,default_user/saint-john/1745857209_fe641dc1-d4fb-4a49-8312-b8e9f421c4c4_Exhibition AM.pdf
ef0eda88-5251-46a5-bafe-99021cbe98a6,Saint John,default_user/saint-john/1745857220_ef0eda88-5251-46a5-bafe-99021cbe98a6_Harbour Christian.pdf
2d0b0dd8-02cf-444b-995c-d262e3dd948e,Saint John,default_user/saint-john/1745857223_2d0b0dd8-02cf-444b-995c-d262e3dd948e_Hope AM.pdf
fc45faa0-4755-46ad-8cec-6ebc4d0e0884,Saint John,default_user/saint-john/1745857226_fc45faa0-4755-46ad-8cec-6ebc4d0e0884_Loch Lomond Villa.pdf
3e254ab0-ab36-40e6-9a8a-590745d97a2f,Saint John,default_user/saint-john/1745857398_3e254ab0-ab36-40e6-9a8a-590745d97a2f_Stella Maris Church.pdf
fd027cf8-d8d4-4b21-b739-297c70e33253,default_user,default_user/1745831401_a4ea712c-4b45-40ad-9e04-886ad963e5e0_35119-Day 7 - Batch 4.pdf
62c0a9a5-0b2c-4833-b786-fcb75ed074ec,default_user,default_user/1745831480_edde5ec6-7041-4e76-988d-3eaa99b6f976_35119-Day 7 - Batch 4.pdf
e5ad188c-3b3c-4523-8475-2f14adbee345,default_user,default_user/1745831683_ae62e53a-da7c-4b59-9160-7990005cb953_35119-Day 7 - Batch 4.pdf
2610533c-bfa3-4bf6-8270-f1e9dcb5ee8e,default_user,default_user/1745834660_a8059dab-6aa3-4110-897c-558145e58332_35119-Day 7 - Batch 4.pdf
0e073218-9cc9-4d6f-b5ed-38f196ed2cf0,default_user,default_user/1745835111_458ca4a2-5785-4e30-8dc4-ba17a17eb504_35119-Day 7 - Batch 4.pdf
aeb74bd7-7d1f-46aa-881c-52c6ea904485,default_user,default_user/1745835723_a209ad95-b384-412d-84c2-2efc7904f4c2_35119-Day 7 - Batch 4.pdf
950f94ed-c25e-4b6e-afb5-db02190542ae,default_user,default_user/1745835875_2a422250-87b0-4400-87d4-bde84ac1b8ab_35119-Day 7 - Batch 4.pdf
246db47c-ac86-435d-801b-d4954b2e8f10,default_user,default_user/1745835989_4c8dcd2c-4c56-4a4d-aa18-5e4b18984028_35119-Day 7 - Batch 4.pdf
96029942-0198-432f-91d7-0d7f84b928a5,default_user,default_user/1745836432_985b90db-6616-4d3c-aed7-6c306991625e_35119-Day 7 - Batch 4.pdf
e104317f-b697-4fe1-b58a-6abe2cd6d517,default_user,default_user/1745841051_563d4203-d626-4626-9f14-83dba55738ef_35119-Day 7 - Batch 4.pdf
8902bfbd-1a40-4862-9fde-ee5ebea45947,default_user,default_user/1745851212_0661a709-b78f-403b-90b6-cb059e841374_Sequence Number Sheet - Election Day.pdf
b3f96951-4800-4625-9c97-0818ebc5bb0c,default_user,default_user/1745851582_c04f39cb-5f63-4929-b1e5-1074fe8f0572_communitychurch930.pdf
e3232a7d-0506-4d8a-8430-5919c258b112,default_user,default_user/1745852803_07573d00-c8f1-4ef0-91d1-6fcc0353602a_120.pdf
39f26cbe-5eec-413e-9219-bfbdfbc9db0b,default_user,default_user/1745852812_b1c3e227-49b7-49a3-91ca-9f054775f1f2_121.pdf
3b6827ba-6fef-49e0-ba20-63e855ef02f3,default_user,default_user/1745852823_d285b231-9ace-419e-9414-5f283acf5bda_122.pdf
9dbf9aae-1c88-4646-b518-b3ad046cad18,default_user,default_user/fredericton/1745852950_c02b74a6-535d-4fef-9ccf-2b87e73408aa_120.pdf
c3ca0b09-a853-497f-acce-b4e56f53f20e,default_user,default_user/fredericton/1745852953_0c10d122-0bcf-4218-af13-9fbadf1accc8_121.pdf
aef72af2-8e22-45dd-9c5b-a64202721eb1,default_user,default_user/fredericton/1745852958_159f0ed6-17fa-47c0-8082-7ae2a408ca79_122.pdf
28a2c5dd-2e9a-4c0f-8d2b-8ff7e61b2163,default_user,default_user/fredericton/1745852962_c0749f58-78ac-4524-8c99-75ae7f4e1ae7_123.pdf
d6e18827-d1dd-4158-b49f-3fdbf4f6e1fb,default_user,default_user/fredericton/1745852966_865e832c-3a80-42ed-bf52-b90c7790e4c9_129.pdf
